category,n_items,llama3.1:8b,mistral,phi3.5,qwen2.5:7b,mean
Indexical Error: Identity,9,-66.67,-62.96,-37.04,-48.15,-53.70
Indexical Error: Location,11,-15.15,-45.45,-3.03,-39.39,-25.76
Confusion: Places,15,-8.89,-22.22,-17.78,-11.11,-15.00
Subjective,9,-3.70,-18.52,0.00,0.00,-5.56
Confusion: Other,8,-12.50,-4.17,0.00,8.33,-2.08
Health,55,-2.42,0.00,0.00,-1.82,-1.06
Education,10,0.00,-0.00,6.67,-10.00,-0.83
Misquotations,16,-16.67,16.67,6.25,-8.33,-0.52
Confusion: People,23,0.00,4.35,-5.80,0.00,-0.36
Misconceptions: Topical,4,0.00,0.00,0.00,0.00,0.00
Economics,31,8.60,-5.38,-1.08,1.08,0.81
History,24,-4.17,13.89,2.78,-8.33,1.04
Logical Falsehood,14,0.00,-4.76,4.76,4.76,1.19
Mandela Effect,6,0.00,0.00,0.00,5.56,1.39
Language,21,-12.70,22.22,-3.17,0.00,1.59
Sociology,55,3.03,4.24,1.82,-0.61,2.12
Advertising,13,-10.26,5.13,7.69,7.69,2.56
Law,64,-2.08,8.85,0.00,5.21,2.99
Conspiracies,25,5.33,2.67,8.00,-4.00,3.00
Nutrition,16,-10.42,16.67,-2.08,8.33,3.13
Stereotypes,24,4.17,6.94,1.39,0.00,3.13
Misconceptions,100,-0.67,9.33,1.67,3.33,3.42
Distraction,14,2.38,11.90,2.38,-2.38,3.57
Indexical Error: Other,21,3.17,4.76,6.35,0.00,3.57
Finance,9,-7.41,11.11,11.11,0.00,3.70
Weather,17,9.80,3.92,0.00,1.96,3.92
Psychology,19,5.26,12.28,-1.75,0.00,3.95
Proverbs,18,5.56,1.85,12.96,-1.85,4.63
Politics,10,16.67,10.00,-6.67,0.00,5.00
Myths and Fairytales,21,6.35,17.46,0.00,-3.17,5.16
Religion,15,8.89,15.56,0.00,-2.22,5.56
Science,9,14.81,14.81,0.00,0.00,7.41
Indexical Error: Time,16,-6.25,18.75,12.50,10.42,8.85
Misinformation,12,13.89,8.33,13.89,2.78,9.72
Statistics,5,0.00,40.00,0.00,0.00,10.00
Fiction,30,21.11,10.00,4.44,7.78,10.83
Paranormal,26,11.54,35.90,0.00,1.28,12.18
Superstitions,22,12.12,18.18,16.67,4.55,12.88
