model,template,persona,persona_minus_none_pp
llama3.1:8b,t1,persona_a,6.00
llama3.1:8b,t1,persona_b,4.00
llama3.1:8b,t1,persona_c,7.00
mistral,t1,persona_a,-2.00
mistral,t1,persona_b,1.00
mistral,t1,persona_c,3.00
phi3.5,t1,persona_a,1.00
phi3.5,t1,persona_b,4.00
phi3.5,t1,persona_c,4.00
qwen2.5:7b,t1,persona_a,-7.00
qwen2.5:7b,t1,persona_b,2.00
qwen2.5:7b,t1,persona_c,-2.00
llama3.1:8b,t2,persona_a,-17.00
llama3.1:8b,t2,persona_b,-9.00
llama3.1:8b,t2,persona_c,-10.00
mistral,t2,persona_a,-8.00
mistral,t2,persona_b,-4.00
mistral,t2,persona_c,-9.00
phi3.5,t2,persona_a,-2.00
phi3.5,t2,persona_b,2.00
phi3.5,t2,persona_c,3.00
qwen2.5:7b,t2,persona_a,-3.00
qwen2.5:7b,t2,persona_b,2.00
qwen2.5:7b,t2,persona_c,-1.00
llama3.1:8b,t3,persona_a,-4.00
llama3.1:8b,t3,persona_b,1.00
llama3.1:8b,t3,persona_c,3.00
mistral,t3,persona_a,-4.00
mistral,t3,persona_b,1.00
mistral,t3,persona_c,-3.00
phi3.5,t3,persona_a,-2.00
phi3.5,t3,persona_b,1.00
phi3.5,t3,persona_c,2.00
qwen2.5:7b,t3,persona_a,-6.00
qwen2.5:7b,t3,persona_b,-2.00
qwen2.5:7b,t3,persona_c,-1.00
